-,키워드,PC 검색량,모바일 검색량,총조회수,문서수,비율,블로그순위 ▼,,,,,,,,,,,,,,
-,짜파게티,"4,470","30,000","34,470","359,071",10.417,- (-),,,,,,,,,,,,,,
-,햇반 아이스크림,"3,000","27,000","30,000","28,178",0.939,- (-),,,,,,,,,,,,,,
-,삼양라면,"4,110","20,100","24,210","108,506",4.482,- (-),,,,,,,,,,,,,,
-,진라면,"3,500","12,900","16,400","158,371",9.657,- (-),,, 러블리라이프??https://blog.naver.com/zooty7979?Redirect=Log&logNo=222572225650N진라면X카카오프렌즈 콜라보... (라이언 모래시계/진라면 라이언)2021-01-28진라면과 카카오프렌즈의 콜라보 굿즈 사진을 보는 순간," ""아아 이건 사야해"" 라는 지름신의 계시가... 싸인에 얼른 라이언을 들고 아기 책장 위로 피신ㅋㅋㅋ 진라면 요리사 라이언의 앞",왼쪽,뒤,오른쪽... ♥설탕새♥https://blog.naver.com/jsa1820?Redirect=Log&logNo=222223630139N컵라면 볶음밥 진라면 신박한 혼밥메뉴 라면요리2021-09-16컵라면 볶음밥 진라면으로 만든 라면볶음밥/초간단 혼밥메뉴 초간단한 집밥 메뉴를 요리하고 소개하는... 집에 진라면 매운맛이 있어 사용했는데 계란이 들어간 참깨라면을 많이 드시더라구요~ 아이들은... 해피레시피 류이https://blog.naver.com/76boragom?Redirect=Log&logNo=222508074287N파가마니 라면. 진라면을 더욱 맛있게2021-07-09중국에서도 진라면 매운맛. 진맵을 쉽게 살 수 있게 되었어요. 할인권 받아서 142위엔에 40개, 한국돈으로 600원이 조금 넘는 수준이니까 수입 치고는 싼 편이죠. 오뚜기 = 不倒翁, 진라면 = 金拉面으로 검색하면... Randyhttps://blog.naver.com/objoe?Redirect=Log&logNo=222425585708N해외입국격리 -1일차. 신라면이여~ 진라면이여~~2022-02-25신라면이 안하면 진라면이라도 하세요.ㅎㅎ) 그렇게 짭짜름한 닛신라면을 국물까지 말끔히 마신 F손님과는 반대로 국물을 반만 남긴 D손님. 갑니다. 간다구요. 밥은 언제주지? 기억에, 예전에는 3번의 기내식이... 맛, 멋, 그리고 여유https://blog.naver.com/fredylisa?Redirect=Log&logNo=222657304547N진라면 맛있게 끓이는 법, 황태 진라면 해장에 아주 좋아요~2022-03-26아이들은 비비고전복죽을 주고 오늘은 진라면 맛있게 끓였습니다. 먼저 황태 한주먹을 잡고 물에 세... 오늘의 메인 진라면입니다. 세상에 이해할수 없는 음식이 있습니다. 진라면 순한맛. 전자렌지 돌린 3... 캠핑과 식물 그리고 일상https://blog.naver.com/aerok9?Redirect=Log&logNo=222683451803N진라면 보드게임 플레이 후기," 친숙한 라면으로 재미있게 즐기자2021-09-06가진 진라면 보드게임에 대해 필자가 직접 플레이해보면서 얘기해보고자 합니다. 이 게임의 경우 오뚜기와 정식적으로 콜라보를 하면서 탄생했으며 한국에서 가장 많이 팔리는 라면 중 진라면을 바탕으로 하는... 청비대제(청룡비둘기)의 휴식공간https://blog.naver.com/dbsgns2011?Redirect=Log&logNo=222497379297"""
-,스낵면,"1,420","8,680","10,100","23,245",2.301,- (-),,,,,,,,,,,,,,
-,너구리,"11,100","56,100","67,200","518,299",7.713,높음 (3),, 강릉 엄지네포장마차 팝업스토어가 열리면 사 먹곤... 원주 너구리포차 원주시 개운로 59 033-765-3010 매일 13:00-01:00 원주 너구리포차 - 외부 꼬막비빔밥으로... 제이 그리고 제이네 -https://blog.naver.com/dia_estival?Redirect=Log&logNo=222695112375N레고 미니피규어 시즌22 너구리 알바2022-02-16가장 인기가 많은 듯 한 속칭 '너구리알바', 매번 발매를 할 때, 인형탈을 쓰고 있는 피규어가 1~2개... 귀여운 너구리~ 꼬리 표현 및 프린팅이 정품답게 매우 좋습니다. 이전 시리즈에는 인형탈 이외에는... julyairline님의 블로그https://blog.naver.com/julyairline?Redirect=Log&logNo=222649490745N반요 야샤히메 2기 10화 - 너구리 일족과의 악연2021-12-06깨어난 모로하는 만월 너구리와 쇼겐에게 되갚아주려고 뗏목을 타는데 마침 오늘은 달이 뜨지않는... 그전에 하치에몽에게 자신의 부모가 어떻게 만월 너구리와 쇼겐을 쓰러뜨렸는지 이야기를 듣는데..... 내친구 타마마https://blog.naver.com/28686?Redirect=Log&logNo=222588121136N먹고 알콜프리하고 볶음너구리에디션먹고 모닝캄커피랩 갔당 ~2022-03-31이날 역대로 술 많이 먹고 집 왔는데 갑자기 볶음 너구리 해줌 근데 이거 볶음너구리 에디션 이거이거 두개에 4500원인가 그렇대 이제 안나와서 뭐라나.. 뭔 다 플미를 붙여 어이없게 ;; 어이없게 근데 존맛이였음... maaaaang_https://blog.naver.com/maaaaang_?Redirect=Log&logNo=222687492491N고양이가 있는 삶(feat,너구리)2022-04-03고양이가 있는 삶 (feat, 너구리) - 어릴 때 햄스터, 병아리, 달팽이를 키워본 게 다인 나 고양이나... 고양아, 너구리야라고 불렀다 동그란 얼굴 굽은 귀," 스코티시 폴드 너구리ㅜㅜㅜㅜ 고양이랑 친해지는 법... 요요작업실https://blog.naver.com/shinjy201?Redirect=Log&logNo=222690468363N원주 꼬막비빔밥 '너구리포차'(원주 맛집)2022-04-04안주로 뭐 먹을까 ~ 하다가 급 꼬막비빔밥이 땡겨서 너구리 포차에서 포장하고 왔답니다 너구리포차는 원주고등학교랑 상지여자고등학교 사이에 있어요 ! 정~말 오랜만에 온 이 골목 ! 도말사거리에서 한 블록... 여기서 행복할 것https://blog.naver.com/kma0016?Redirect=Log&logNo=222691464433""",,,,
-,자가진단키트,"46,300","341,700","388,000","105,786",0.273,- (-),,,,,,,,,,,,,,
-,테라,"12,800","27,600","40,400","716,695",17.74,높음 (15),"N김혜수 마스크 아이테라 내돈내산 솔직 후기2022-04-02누아누아 아이 테라 김혜수 새부리형 원킬 구리 마스크 1SET / 10매 바로 아이테라 마스크인데요 가격이 굉장히 비쌌어요 10개들어있는게 한 세트인데 23,900원에 판매 중이더라구요 여기에 배송비까지 부치면 개당... 뷰티 데일리 @이람님https://blog.naver.com/qmfosej?Redirect=Log&logNo=222689578420N1테라외장하드복구 빠르게 가능한 곳2022-04-121테라외장하드복구 빠르게 가능한 곳 요즘 제가 집에서 작업을 하다 보니까 해야 할 게 산더미더라고요.... ?? 그래서 1테라외장하드복구가 빠르게 가능한 곳에 대한 후기들을 찾아봤거든요? 근데 저처럼... 비트컴퓨터온컴즈https://blog.naver.com/mansaa?Redirect=Log&logNo=222699051235N테라팰리스 건대4차 오피스텔 분양가 안내2022-04-08테라팰리스 건대4차 오피스텔 분양 소식 준비 했습니다. 단지는 서울시 내 10여개의 지하철 노선 중 가장 핫한 황금노선으로 통하는 지하철 2,7호선의 더블역세권인 건대입구역 인근에 신축 공급 됩니다. 테라... Haute couture ♥https://blog.naver.com/jms900206?Redirect=Log&logNo=222695463514N테라팰리스 건대4차 오피스텔 공급정보2022-04-05테라팰리스 건대4차 오피스텔 공급정보 전국 아파트의 거래량을 확인해보면 관망하는 분위기로... 오늘은 위와같은 요건을 충족하고 있는 현장인 테라팰리스 건대4차에 대해 알아보도록 하겠습니다.... 럭셔리여우별스토리https://blog.naver.com/zammw2002?Redirect=Log&logNo=222691647088N구리 갈매 현대테라타워 모델하우스 분양가 공급2022-04-11구리 갈매 현대테라타워 모델하우스 분양가 공급"" 부동산 투자가 필수가 된 시대입니다. 특히 임대수익을 얻을 수 있는 분야를 알아보는 분들이 늘어나고 있습니다. 오늘은 구리 갈매 현대테라타워에 대한... 리치하우스https://blog.naver.com/crazycsd?Redirect=Log&logNo=222697449441N테라팰리스 건대 4차 분양정보2022-03-18테라팰리스 건대 4차 최근 오피스텔 트렌트는 아파트를 대용할 수 있는 형태로 공급되기 때문에... 그래서 테라팰리스 건대 4차에 대해서 살펴보겠습니다. 서울 광진구 화양동에 지어진 오피스텔로 단지는... LifeCodihttps://blog.naver.com/sp0110?Redirect=Log&logNo=222676080137N테라팰리스 건대4차 오피스텔 분양정보2022-03-25테라팰리스 건대4차 오피스텔 분양정보 전국의 아파트 거래량이 눈에 띄게 감소한 반면에 도생이나... 따라서 오늘은 이러한 여건이 충족되어서 큰 관심을 받고 있는 현장을 소개해볼까 하는데요"," 바로 테라팰... 그린라이트https://blog.naver.com/yess888?Redirect=Log&logNo=222682804563N테라팰리스건대4차 오피스텔 분양 소식2022-04-06갖춘 테라팰리스 건대 4차 오피스텔 분양 소식에 대해 살펴보도록 하겠습니다. 생활편의 및 접근성이 뛰어난 입지를 바탕으로 차별화된 내부 설계가 돋보이는 테라팰리스 건대 4차 오피스텔은 최근 분양하는... 나의 간판https://blog.naver.com/zellsee7?Redirect=Log&logNo=222693438025N봄내음 나는 강화도펜션 독채 테라롯지 동막해변도 마구... 2022-04-08강화도펜션 테라롯지로 리플레쉬여행 다녀왔습니다~ 친구들은 얼마만의 자유인지~동막해변에... 강화도독채펜션 테라롯지 까지는 차로1분?밖에 걸리지 않는 아주 가까운 거리였구요 도보로도 10분이 채 걸리지... 인피니티https://blog.naver.com/uriky?Redirect=Log&logNo=222686803340N오산 세교지구 현대테라타워 지식산업센터 공급정보2022-02-28현대테라타워가 주목받고 있어 소개해 드립니다. 우선 규모부터가 압도적으로 경기대로 일원의 자족... 오산 세교지구 현대테라타워의 라이브오피스는 내부에 다락과 욕실이 설치되는 구조로 근무 교대 시에... 슬기로운 공유생활https://blog.naver.com/physication?Redirect=Log&logNo=222660147828""",,,,,,,,,,,,
-,처음처럼,"4,170","24,300","28,470","435,260",15.288,중간 (10),"N제니처럼 예쁜 처음처럼 소주 광고 보면서 나도 홈술해보기2022-01-18평소처럼 드라마를 보기 위해 TV 앞에 앉아 있었는데 처음처럼 제니 새로운 광고 보고 넋을 잃고... 부드러운 처음처럼이 찰떡궁합이라 CF보는 재미가 있었다. 제니의 일상로그를 보는 것 같기도 했다. 좋아요... 먹기 위해 사는 위장 환자https://blog.naver.com/nowwegom?Redirect=Log&logNo=222624990037N수원미용실 처음처럼클리닉했지요2021-10-06이번에 처음처럼클리닉으로 받았는데요 푸석푸석 건조하고 뒤엉컸던 머리카락은 사라지고 머릿결에서... 그중에서 처음처럼클리닉으로 해줬어요 지난달인가 펌을 한 것 같은데 펌기를 조금 풀고 싶기도 하고... 허씨어뭉의 우아한 봄날https://blog.naver.com/shsh1635?Redirect=Log&logNo=222528793916N처음처럼님의 희귀식물 온실 공감 story 방문2022-04-09처음엔 작은 식물들이 반겨주었다. 여러 가지 싱고니움 종류들과 머럴막스 바리에가타가 눈에 들어온다. 작년 여름 화려한 잎으로 즐거움을 주었던 칼라디움 처음처럼님의 온실은 고온다습해서 가을 겨울에도... 결국엔 해피엔딩https://blog.naver.com/merci87?Redirect=Log&logNo=222695985651N강릉 강문해변 횟집, 처음처럼 횟집 모둠회2021-12-16강릉 강문해변 횟집, 처음처럼 횟집 모둠회 관광객이 많이 찾는 유명 해변인지라, 바다가 보이는... 아직 이른 시간, 밝을 때 찾은 처음처럼 횟집. 강문 해변에서 안쪽으로 한 블록 들어온 길에 있다. 낮은 건물... 푸드그래퍼 울프강_음식사진, 영상제작https://blog.naver.com/kdhnim?Redirect=Log&logNo=222597180890N광교미용실 가르마헤어 처음처럼 클리닉 후기 광교점 뿌염 2+1... 2022-02-14광교미용실 가르마헤어 처음처럼 클리닉 후기 광교점 뿌염 2+1 행사중이예요 광교미용실 가르마헤어 처음처럼 클리닉 후기 광교점 뿌염 2+1 행사중이예요 안녕하세요~ 레비올라예요. 요즘 머리 복잡한 일들이... 레비올라의 play groundhttps://blog.naver.com/mamon08?Redirect=Log&logNo=222647425196N강릉 강문해변 횟집 : 처음처럼횟집2021-12-14횟집 : 처음처럼횟집 동네 한바퀴 돌아보고 느낌 오는 곳으로 입장. 꽤 널찍했던 매장. 사장님과 이모님 한 분이 계셨고, 저녁 시간이 되니 알바생이 한 명 오더라고요. 착석. 강릉 강문해변 처음처럼횟집 메뉴.... Blaack Loghttps://blog.naver.com/bsb7411?Redirect=Log&logNo=222594043270N웨딩밴드 항상 처음처럼~2021-11-18그래서 최종적으로 보여드린 것 중에 신상으로 출시한 이 모델을 봤는데 처음에는 갸우뚱 하다가... 항상 처음처럼이라는 문구로 각인을 하셨어요. 결혼을 하게 되면 어느 한쪽이든 변함이 있다고 하죠^^ 두분... 디유953 #청담동예물 #청담커플링https://blog.naver.com/gmcurrahee?Redirect=Log&logNo=222572187074N광교미용실 가르마헤어 쿤원장님 처음처럼크리닉 기적같쿤2021-11-08안녕하세요 사슴이언니 태희입니다 극손상모인 제게 크리닉은 마치 월례행사랄까요 처음처럼... 지경 처음처럼 크리닉 인계동 본점에서도 제 헤어를 담당해주셨던 쿤원장님인데요 항상 가능한 만큼만... 사슴이언니의 물욕넘치는 일상 : 옷사입고 여행가고https://blog.naver.com/xogml1814?Redirect=Log&logNo=222561464739N처음처럼 도수 16.5도로 리뉴얼!! 기분 좋게 홈술 한잔... 2021-03-04처음처럼 도수 16.5도로 홈술과 혼술로 한주의 피로를 기분 좋게 풀어봅니다~ 남편도 그렇고 저도 그렇고... 그런데 이번에 리뉴얼된 처음처럼은 저도 두 세잔은 같이 나눌 수 있겠더라고요 남편이 그 모습 보더니... 은솔희섭mom의 데이바이데이 story~*https://blog.naver.com/psy9133?Redirect=Log&logNo=222263935791N처음처럼 빠삐코 vs 메로나에 이슬 저의 선택은2022-01-28하지만, 또 저를 궁금증에 빠져들게 하는것이 있었으니, 처음처럼 빠삐코 '처음처럼 빠삐코라니.. 이게 정말 소주야?' 처음 봤을때.. 먼저 든 생각. 정말 생각지도 못한 조합이죠? 한정판으로 나왔다는 소식을... 루크맘의 맛있는 집♡https://blog.naver.com/maximusc?Redirect=Log&logNo=222634107400",,,,,,,,,,,,,
-,참이슬,"4,640","25,900","30,540","282,697",9.257,- (-),"N스트레스 받을 때 빨간맛 산남동 시골애 낙지볶음 맛집 + 참이슬2022-04-082인과 참이슬 한 병을 주문했다 세트메뉴도 있었는데 새우튀김에 진심은 아닌편이라 굳이 새우튀김도 드실 분들은 세트메뉴가 조금 더 저렴하긴 하다 시골애 기본반찬 콩나물과 무나물은 낙지볶음과 밥을... 눈깜짝할사이https://blog.naver.com/asdzxc0890?Redirect=Log&logNo=222694079425N참이슬 같은 맑은 향기 겨울에 잘 어울리는 찻잔에 꽃 국화차로... 2021-12-13특별히 내가 좋아하는 향기에 대해 이야기해 주세요~ 참이슬 같은 맑은 향기 겨울에 잘 어울리는 향기를... #찻잔에꽃차당 #국화차효능 #참이슬 #국화꽃향기 #토끼풀향기 #좋아하는향기 #겨울에잘어울리는향기꿈꾸는 돌멩이https://blog.naver.com/oksu3143?Redirect=Log&logNo=222593947274N201220 아이유 참이슬 새 화보_ 신뢰로 쌓아올린 브랜드의... 2020-12-20아이유 X 참이슬 2014 ~ 2018 AGAIN 2020 아이유 참이슬 재계약 단상_ 상호 신뢰로 빚어진 아름다운 결연 참이슬X아이유_ 보그 시크릿파티 메이킹필름 아이유 참이슬 재계약 단상_ 상호 신뢰로 빚어진 아름다운 결연... I U H O L I Chttps://blog.naver.com/smotherguy?Redirect=Log&logNo=222179892305N운명의 숙적, 참이슬 VS 처음처럼! 말술남녀가 파헤쳐봤습니다2021-05-26처음처럼이나 참이슬, 카스, 하이트같은 평범한 술말고도 와인, 사케, 위스키, 고량주, 전통주 등... 참이슬 vs 처음처럼 을 꼽았어요 인정? 어~ 인정!ㅎㅎㅎㅎ #소맥마는법 소맥을 맛있게 먹는 저만의 방법도... 푸드디렉터 김유경의 테이스티코리아https://blog.naver.com/angela8846?Redirect=Log&logNo=222368240547N[받았다] 진로이즈백 굿즈 참이슬 백팩2021-09-03참이슬이 존재하지 않던 시절, 그땐 집 냉장고 어디서나 늠름한 두꺼비 한두병쯤은 쉽게 만나볼 수... 뭐....뭐고 이게 네, 어쩌다보니 집에 참이슬을 박스채 여러개를 한번에 구매 할 일이 있었는데, 마침... 미샤의 뒤죽박죽 블로그https://blog.naver.com/mishalove?Redirect=Log&logNo=222493824657N참이슬 일본 광고 - 한국드라마로 배우는 연애지침서 ㅋㅋㅋ2021-12-17제목부터 웃기는 참이슬 광고ㅋㅋ 4분 가량의 광고로 웹 바이럴용 CM이고 12월 16일에 공개되었다. #K로코 클리셰를 몽땅 털어 넣고 만든 참이슬 일본 광고 함께 보시죠ㅋ 영화 진짜 재밌었어~ 라고 말하며... Siesta♡https://blog.naver.com/yemingom?Redirect=Log&logNo=222597481360N아이유(IU) 참이슬 모델 재발탁! 무려 8년째 인연2022-03-24아이유가 참이슬 모델로 재발탁 되었다는 기사가 떴다. 계약 연장(?) 이라고 보면 될 것 같다. 실력과 미모까지 모두 겸비하고 맑고 깨끗한 이미지의 아이유가 참이슬의 이미지를 올려주는 듯! 메이킹... 일상과 덕질 그 사이 어딘가https://blog.naver.com/baeksujin91?Redirect=Log&logNo=222681956550N[굿즈] 테라X참이슬백팩 프로모션2021-01-29테라 x 참이슬백팩입니다. 저는 핸드카트가 탐났지만 저희남편은 무조건 참이슬백팩이어야한다고.... 네... 사십시오.. 바로 이 구성입니다. 아래 큰 박스에 테라캔이 24캔 들어있구요 (6팩씩 4묶음) 참이슬백팩이... 일상의 행복。https://blog.naver.com/cherrypoodle?Redirect=Log&logNo=222224466225N소주 값 인상..? 참이슬 출고가 7.9% 인상2022-02-1923일부터 참이슬과 진로 제품 출고 가격을 7.9% 인상한다고 밝혔는데요 360㎖ 병과 일부 페트류가 인상 대상이라고 합니다. 하이트진로의 소주 값 인상은 지난 2019년 4월 이후 약 3년 만인데요 이 정도면 엄청... WONDER VAPE 강남https://blog.naver.com/apple0006175?Redirect=Log&logNo=222652188054NBTS... 참이슬 처음처럼을 모른다고?2021-07-20특히 한국의 소주 참이슬과 처음처럼에 대해서도 심도있는 마케팅 수업을 하였는데 미국에서 가장... 1위가 참이슬 2위가 스미노프 보드카 3위가 처음처럼 우리 아빠 한게임 닉네임도 참이슬 이다... ㅡ,,ㅡ... 백두건스키 / 보드 강습팀https://blog.naver.com/2vent6?Redirect=Log&logNo=222438658218",,,,,,,,,,,,,
-,네이처,"7,890","52,600","60,490","585,299",9.676,높음 (15),"N대구 네이처파크 아이랑 가볼만한 곳 다녀왔어요!2022-04-13대구 네이처파크 아이랑 가볼만한 곳 다녀왔어요! 안녕하세요! 가온이 아빠입니다. 이번 주말 엄청... 간단하게 토요일,일요일 일정은 토요일 오전 대구 네이처파크 오후 양산 황산공원 일요일 경마공원 근처... 전투육아시작https://blog.naver.com/skfktjdwn1?Redirect=Log&logNo=222699348458N6. 오토 캠핑/강원도 인제/러빙네이처 캠핑장2022-04-07일시 2022.02.27 - 2022.03.01 장소 강원도 인제 러빙네이처 캠핑장 주소 강원 인제군 남면 설악로 1129 정보... 러빙네이처 캠핑장은 명당자리가 아닌 2층의 그것도 사이드에 위치한 곳이라 갈까말까 다른날로 다시... 디얼줄리엣 블로그https://blog.naver.com/dear_juliet?Redirect=Log&logNo=222693899592N시카 마스크팩 병풀추출물 담은 비건시트 뷰티코드네이처2022-03-27코드네이처 비아미 시카 앰플 마스크 27g*10매. 아름다움을 향한 각기 다른 ‘니즈’를 트렌디한 ‘코드’ 네임으로 쉽게 제안하는 뷰티코드네이처의 시카 앰플 마스크는 제가 피부 진정 필요할 때 자주 찾는... 조아하늬 뷰티 in 패션https://blog.naver.com/mhsi0501?Redirect=Log&logNo=222684082888N캠핑용품 네이처하이크 클라우드 업 시리즈 초경량 캠핑텐트... 2022-03-31캠핑용품 네이처하이크 클라우드 업 시리즈 초경량 캠핑텐트 큐텐 직구 구매 쉽네 따뜻한 봄의 시작과... 통해 네이처하이크 클라우드 업 시리즈 초경량 캠핑 텐트를 영입하게 되어 소개를 하는 시간을... 김프로 캠핑야그https://blog.naver.com/gasinae00?Redirect=Log&logNo=222687079965N고양이신장사료 크랜베리가 들어간 프로네이처2022-03-30고양이신장사료 크랜베리가 들어간 프로네이처 이 브랜드라면 언제나 믿고 급여할 수 있어요... 프로네이처라면 망설임없이 고르게 되는 것 같아요 단, 엄격한 검증 절차를 거친 공식 판매처인 러브유어펫임을... 수댕쓰https://blog.naver.com/skstbvjcjqj?Redirect=Log&logNo=222686552247N네이처메이드  여성칼슘제추천! 칼마디!!2022-03-21네이처메이드 칼슘 마그네슘 비타민D @글과 사진 하이시드니 사실 지난 건강검진에서... 골밀도... 오늘은 네이처메이드 칼마디! 흡수에도좋고 먹기도 편한 칼슘+마그네슘+비타민d 영양제를 소개할께요!... 하이 시드니 Hi, sydneyhttps://blog.naver.com/andoo7?Redirect=Log&logNo=222678599376N고양이신장사료 프로네이처 칠면조 & 크랜베리 고양이 사료 추천!2022-04-01프로네이처는 전 세계의 자연과 산물에 고유한 레시피에 영감을 받아 특별한 반려동물 사료를 탄생시킵니다 고양이신장사료로도 유명한 프로네이처는 반려 고양이의 연령과 건강 기능 그리고 기호별로 총... 동그란사람https://blog.naver.com/birdweek?Redirect=Log&logNo=222688831748NOPI 비건네일 네이처스트롱 컬러 비건탑코트 발라봤어요2022-04-02이번에 만나보실 제품은 요즘 대세에 맞는 OPI 비건네일 네이처스트롱 컬러 랍니다. 우선, 비건이라는... 이번에 보여드리는 OPI 비건네일 네이처스트롱 컬러는 2022년 2월 7일 런칭되었어요. 기존에 했던 네일을... 올 어바웃 러브 : 뷰스타 호호미우 이벤트 중 ??https://blog.naver.com/hohomiu2?Redirect=Log&logNo=222689071829N양주 애견카페 애견운동장 네이처독 후기2022-03-27양주 애견동반맛집 노고산로뎀나무에서 바베큐를 먹고 다음이동코스로 애견운동장 네이처독에 왔다. 이왕 댕댕이 데리고 나왔으니 신나게 뛰뛰 하고 가야지! 자연테마 애견카페 컨셉인 네이처독... 찌니의 소꿉놀이세상 'ⓧ'https://blog.naver.com/jjin_njjin?Redirect=Log&logNo=222684247113N피부 나이 멈춰! 헤이네이처 어성초 세럼 후기2022-04-04헤이네이처 어성초 트리플 집중 세럼 용량 : 40ml / 가격 : 37,000원 안녕하세요 제이와이예요 :-) 어성초 맛집 헤이네이처 제품들 정말 많이 보여드렸죠 ~ 어성초라인의 토너와 피부타입별 앰플 모두 넘넘 잘... 제이와이 뷰티메뉴얼https://blog.naver.com/sunkjydbgn?Redirect=Log&logNo=222691100062",,,,,,,,,,,,,
-,비틀즈,"5,420","27,300","32,720","221,923",6.782,낮음 (0),"N(영국 리버풀 / 리버풀 도보 여행 #7) 비틀즈가 탄생한 영국 대표... 2022-04-11이렇게 공연을 사랑하는 리버풀 사람들이 있기에, 비틀즈라는 세계적인 밴드가 탄생할 수 있었을 거예요. 비틀즈 얘기가 나온 김에 다음 시간에는 비틀즈가 탄생한 그 거리로 가보도록 하겠습니다. 촬영일... 오렌지군의 행복을 찾아서..https://blog.naver.com/dickprod?Redirect=Log&logNo=222656311997N우쿨렐레 악보 : I Will - 비틀즈2022-03-03비틀즈(The Beatles)의 <I Will> 대중음악 역사상 최고의 밴드, 비틀즈(The Beatles) #빌보드1위_무려20곡 #최고의_싱어송라이터 1960년 영국 리버풀(Liverpool)에서 결성된 비틀즈는 활동 기간이 겨우 7~8년 정도... 음악 온라인 클래스 No.1 도약닷컴https://blog.naver.com/doyaccom?Redirect=Log&logNo=222662613257N비틀즈라고?2022-02-13갈수록 ‘비틀즈’라는 표기가 껄끄러워진다. 왜 사람들은, 특히 오랫동안 이 위대한 밴드를 좋아해 온 이들은 옳은 표기이자 발음인 ‘비틀스’로 쓰기를 꺼릴까? 이유가 있을 것이다. 예전부터 비틀즈... Interstellar Overdrivehttps://blog.naver.com/abdabs?Redirect=Log&logNo=222646365659N[팝에피소드] 비틀즈 사과로고를 베낀 잡스의 애플, 롤링스톤스... 2022-03-16한편 비틀즈는 캐피탈레코드, VJ레코드, EMI레코드 등 여러 레코드사와 계약을 맺고 있다가 자신들의 유명세를 위해 단일 창구가 필요했다. 1968년 비틀즈 멤버는 매니저 브라이언 엡스타인과 독자적인 음반사... 선성원(huskysun)님의 대중문화 블로그https://blog.naver.com/sun1060?Redirect=Log&logNo=222674172199N레고 21306 비틀즈 옐로 서브마린 리뷰2021-12-17후렴 부분이 너무 좋은 비틀즈 옐로서브마린 ~! 오늘은 제 애장품인 레고 비틀즈 옐로 서브 마린 리뷰를 해볼까 합니다 :) We all live in a yellow submarine Yellow submarine, yellow submarine~ 노래 한번 들으시고 가실게요... 퍼그용사https://blog.naver.com/pswook86?Redirect=Log&logNo=222597826183N'비틀즈 겟 백- 루프탑 콘서트' CGV 아이맥스 포스터/ 아이맥스... 2022-02-19듄, 비틀즈 겟 백' 까지 3연타 관람했습니다... https://blog.naver.com/aj5500/222646284700 애초 아이맥스 체험전 상영작인 '덩케르크'와 '듄'만 보려고 했지만....전혀 예상 외의 '비틀즈 겟 백' 까지 아이맥스 예매가... 전단지 총각의 영화창고https://blog.naver.com/aj5500?Redirect=Log&logNo=222651737593N레고 21306, 레고 아이디어스 비틀즈 노란잠수함(옐로우... 2021-09-15소형 레고부터 차근차근 시작을 해야되기에 창고에서 파괴왕이랑 같이 만들만한 레고 월E 랑 비틀즈... ㅋㅋ 그렇게 파괴왕의 선택을 받은 레고 아이디어즈 비틀즈 옐로우 서브마린 레고 아이디어즈 시리즈... GENZERhttps://blog.naver.com/hjin066?Redirect=Log&logNo=222506272514N[라스베가스 공연 정보] 라스베가스 비틀즈 러브 쇼... 2022-04-08라스베가스 / 미국 여행 / 미국 서부 여행 라스베가스 공연 / 라스베가스 쇼 / 비틀즈 러브 쇼 안녕하세요 라스베가스 매니아입니다! 음악계에 한 획을 그은 전설적인 존재 비틀즈 그룹 노래에 맞춰... 여행 플래너 라스베가스 매니아의 미국 서부 투어https://blog.naver.com/welasvegas?Redirect=Log&logNo=222667772693N소장 가치가 있는 비틀즈 콜라보레이션 카드-굿디자인2021-11-22소장의 가치가 있는 비틀즈(The Beatles) 카드 프리미엄 덱 우리가 즐겨 하는 서양식 카드가 비틀즈와 협업하여 탄생한 The Theory 11 Beatles Playing Card Premium Deck. 이 카드 세트는 리버풀 출신의 세계적인 밴드... 하늘소 블로그https://blog.naver.com/artlife?Redirect=Log&logNo=222575941520N청주에서 비틀즈를 만날 수 있는 곳 다락방의 불빛 전시2021-12-13비틀즈의 모든 것 알아보기 비틀즈는 세계적으로 유명한 가수인데요, 아마 모르시는 분들은 없으실 겁니다. 이번에 다락방의 불빛에서 비틀즈 전시를 진행한다고 하여 궁금한 마음에 다녀왔습니다. 다락방의... 청주시청 공식 블로그https://blog.naver.com/cjcityblog?Redirect=Log&logNo=222592158382",,,,,,,,,,,,,
-,스키틀즈,"1,210","5,630","6,840","7,939",1.161,높음 (15),"N신 가루 있는 스키틀즈 사워 구하기2022-03-26스키틀즈도 내가 가장 좋아하는 간식거리 중 하나였다. 젤리와 사탕 사이의 겉바속쫀 질감 겉에 흰색... 그 언저리의 어느 해, 편의점에서 파우치 모양 패키지에 담긴 스키틀즈 사워를 사먹는데 흰 가루가... HLhttps://blog.naver.com/hyunlong24?Redirect=Log&logNo=222683469658N중국 대륙 광저우 스키틀즈 SKITTLES 젤리를 소개합니다!!!... 2021-08-21이것이 바로 스키틀즈 젤리 입니다 보통 스키틀즈 (skittles)라고 하면, 딱딱한 캔디류를 생각하시겠지만, 여기 중국에서는 이렇게 젤리류도 팔고 있습니다 참고로 이 제품은 세븐일레븐""에서 구매했습니다... 팬더스타 팬더삼촌https://blog.naver.com/sikkalx?Redirect=Log&logNo=222478886845N커피 네추럴스페셜티", 커피에서 스키틀즈 맛이?2022-04-09스키틀즈 블랜드가 반응이 좋다고 해서, 스키틀즈를 주문하기로 했습니다. 필터커피를 블랜딩으로? 약간 의아했는데 일단 마셔보기로.. 그리고 에티오피아 싱글 아메리카노를 주문했습니다. 핸드드립바... 커피 소개하는 남자https://blog.naver.com/sustaincoffee?Redirect=Log&logNo=222695906305N요리활동, 콩순이 파티가 좋아, 스키틀즈로 무지개 만들기 놀이2020-10-13멜론, 브로콜리등등 좀 더 세세하게 표현되어 있어요~ #빅야채네과일가게 자 이번엔 스키틀즈로 뭘 해볼까요~!!! ^^ 하얀 그릇 위에 스키틀즈를 예쁘게 올려놓고~ !!! 초등학교 때 참 많이 먹었는데요.ㅋㅋㅋ 지금은... 즐거운 니디아https://blog.naver.com/nidia02?Redirect=Log&logNo=222114292970N슈프림 스키틀즈 미첼앤네스 콜라보 자켓 & 사탕 구매 후기... 2021-12-05지난주 릴리즈에 슈프림과 스키틀즈의 콜라보가 있었다!!! 이 옷은 착샷을 보자마자 너무 내... ㅜㅜ 당도 100% 슈프림 스키틀즈는 뜯기 너무 아까워서 아직 미개봉임 ㅎㅎ 그 대신 이렇게 친구들에게 하나씩... Candy Bear 캔디베어https://blog.naver.com/bicky1110?Redirect=Log&logNo=222587180629N[한국마즈(유)] 스키틀즈 요거트향(Skittles Yogurt Flavour)2021-10-18가끔이긴 하지만 단것이 땡길때 즐겨먹는 것이 스키틀즈이다. 짝퉁까지는 아니더라도 비슷한 제품들이... 오리지널 제품을 다 먹자마자 이 제품으로 대체를 해야겠다는. #스키틀즈 #요거트향 #스키틀즈요거트향PARADISE LOSThttps://blog.naver.com/coroner9736?Redirect=Log&logNo=222540077272N혼자 회사에서 먹으려고 산 CU편의점 스키틀즈 요거트향2021-11-17회사에서 먹으려고 이번에도 집 근처인 CU에 들러 이상하게 생긴 스키틀즈 요거트라는걸 샀어요. 당 땡길때마다 혼자 신나게 먹을 생각에 책상에서 과자 앞 뒤를 신나게 찍었습니다. 색이 알록달록한데 초등학생... :)https://blog.naver.com/happybrother?Redirect=Log&logNo=222571398450N콜롬비아  스키틀즈 '핑크 버본'2022-03-10~소리가 난다 콜롬비아 스키틀즈 100g에 25,000원 왜이리 비싸냐? 했더니 '핑크버번' 이었다 추출된 커피는 마시기 직전에 스틱으로 저어주면 맛과 향이 고루 전달 스틱을 사용 하지 않을 경우... 커피 그리고 나https://blog.naver.com/minja777711?Redirect=Log&logNo=222668488824N8월 셋째 주 군것질, 오징어땅콩 매콤치즈 + 스키틀즈 요거트... 2021-08-25스키틀즈 요거트 가격: 1,000원 파는 곳: 이마트24 등 편의점 스키틀즈 원래 완전 좋아하고요? 제일 좋아하는 건 사워로 초록색이다. 신 맛이 당길 때마다 사먹으면 만족스럽다. 물론 덕분에 이를 많이 해먹었지만... 먹기 위해 사는 위장 환자https://blog.naver.com/nowwegom?Redirect=Log&logNo=222483938834N집에서 놀자 : 스키틀즈 색 추출 놀이2020-03-25집에서 놀자 : 초간단 과학놀이 스키틀즈에서 색 추출하기 오늘은 정말 초초초간단 과학놀이입니다.... 준비물은 스키틀즈(혹은 엠앤엠즈)와 흰 접시," 따듯한 물이 전부고요. 스키틀즈를 나열해놓고 물만... welcome to my wonderlandhttps://blog.naver.com/funkyyeb?Redirect=Log&logNo=221871581622""",,,,
-,가나 초콜릿,"2,330","13,500","15,830","70,434",4.449,- (-),"N제크 가나 초코샌드 + 마이구미 포도알맹이 + 톡핑 초콜릿2021-12-10톡핑 초콜릿 두 가지 맛, 그리고 마이구미 포도 알맹이다. 제크 가나 초코샌드 가격: 1,700원 파는 곳: CU,세븐일레븐 등 편의점 나는 제크도 좋아하고 가나 초콜릿도 좋아한다. 초코 땡길 때 편의점 가서... 먹기 위해 사는 위장 환자https://blog.naver.com/nowwegom?Redirect=Log&logNo=222592067191N세븐일레븐 가나 초콜릿 파우치 굿즈 응모 + 실물 후기2022-03-30세븐일레븐 가나 초콜릿 파우치 굿즈 응모 + 실물 후기 세븐일레븐에서 초콜릿 사면 초콜릿 모양 파우치 준다고 해서 편의점으로! 나는 2월 7일에 이벤트 소식을 알고 바로 가서 샀는데 이벤트가 유명해져서? 2월... 메론소다 플레이그라운드https://blog.naver.com/happyaiba?Redirect=Log&logNo=222687038802N가나 밀크티 초콜릿 홍차향 가득2020-12-13이번에 가나 초콜릿 라인으로 신상이 3가지나 나왔는데, 랑드샤쿠키와 티라미수 초콜릿에 이어서 가나 밀크티도 맛보게 되었어요. 처음에는 패키지 디자인과 이름만 보고 가나에서 겨울을 맞아 밀크티를... -에르르네 집。https://blog.naver.com/aeirmeki?Redirect=Log&logNo=222172240857N롯데 가나 초콜릿 밀크 우유 마셔본 후기2021-11-07가나초콜렛은 많이 먹어봤는데 가나초코렛우유는 처음 봤어요ㅎ 가나 초콜릿 밀크는 전용목장의... 부드러운 초콜릿맛을 느낄 수 있습니다. 상단에 스트로우를 꽂아서 마시면 되는 간편함ㅋ 냉장고에... YOLOhttps://blog.naver.com/greensubini?Redirect=Log&logNo=222561210178N새로나온 가나 초콜릿 앙상블 다크 쇼콜라2022-02-10요즘 새롭게 나온 초콜릿 가나 앙상블 후기를 들고 왔습니다. CF를 보면서 '저거 맛있겠다' 했는데 그걸... 가나 초콜릿 앙상블은 티라미수, 휘앙티누, 다크쇼콜라 이렇게 세 가지 종류가 있는데 다크쇼콜라가... 바람, 돌, 그리고 우리..https://blog.naver.com/apple5124538?Redirect=Log&logNo=222644186667N편의점 간식 추천, 가나초콜릿 다크밀크 신상 리뷰!2022-04-04#내돈내산 #초콜릿 #간식리뷰 #편의점간식추천 #편의점2+1 #편의점초콜릿 평소 가끔 가나 초콜릿을 편의점에서 사서 먹는데, 가나 다크밀크 라는 제품이 새로 나왔다. 빨간 초콜릿 밤색초콜릿도 맛있는데, 신상... 리본C의 데일리리뷰https://blog.naver.com/ruxx11?Redirect=Log&logNo=222688471726N가나 앙상블 티라미수 휘앙티누 초콜릿2022-02-16가나 앙상블 티라미수 휘앙티누 초콜릿 안녕하세요. 지난번에 마트에서 샀던 가나 앙상블 요즘 티브이... 취할 수 있을 것 같은 기분 ♡ #가나앙상블휘앙티누 #가나앙상블티라미수 #롯데가나앙상블 #가나초콜릿행복한일상https://blog.naver.com/dusgnsekdls?Redirect=Log&logNo=222648962846N가나 밀크초콜릿 칼로리 달다구리2021-05-15가나 밀크초콜릿 칼로리 달다구리 우리집 냉동실템 바로 가나 초콜릿인데요~ 일 하다가 육아하다가 당 떨어질때 덜덜덜 거릴때는 수혈하듯이 먹는게 바로 요고예요 물론 .... 그 이유가 아니더라도 먹는... 쫑알쫑알이야기공장♥https://blog.naver.com/hhj1004w?Redirect=Log&logNo=222352543900N핑크쿠키볼 (핑쿠볼) / 가나 핑크베리 / 롯데 신상 초콜릿2021-01-28마지막으로, 가나 핑크베리 초콜릿을 확인해보기로 했어요. 핑크베리 가나 초콜릿 114g의 총 칼로리는 660kcal이고, 복분자딸기과즙분말 2.2%, 딸기그래뉼 0.7%가 함유되어 있어요. Ghana(가나)에서 맨 앞의 G를... THE HONG [더홍] 홍의성 - SBS스타킹 영어킹"" 우승자https://blog.naver.com/dxsuckit69?Redirect=Log&logNo=222223597654N[GS25] 가나초콜릿 마카롱 후기2021-11-282일차 #원픽 #꿀템 이번에는 가나초콜릿 마카롱을 먹어보고 후기를 가져왔어요 GS25 신상 디저트는 과연... 가성비 굿굿 마카롱 덕후인 저는 특히 초콜릿 맛을 좋아하는데 어떤 맛인지 너무 궁금하고 특히 블랙... Be Yourself(너 자신이 되어라)https://blog.naver.com/kangsm1998?Redirect=Log&logNo=222581296456""",,,,,,,,,,,,,
-,스누피 커피우유,630,"4,230","4,860","12,302",2.531,낮음 (3),"N스누피 커피우유 카페인(스누피님 제가 잘못했어요)2021-12-05마신 사람들을 깜짝 놀라게 만드는 스누피 커피우유 카페인 함량에 대해 알아봤습니다. 카페인이 필요하실때 드셔보세요! #스누피커피우유 #스누피더진한커피 #스누피우유 #GS25스누피 #커피우유 #스누피카페인블린이의 블로그 모험https://blog.naver.com/tecbae?Redirect=Log&logNo=222586981117NGS25 3월행사 스누피 커피우유 득템2022-03-037 행사상품: 스누피 우유(250ml) 1+1 (커피, 초코, 딸기) 행사가격: 1,000원 1+1이라서 저는 딸기맛, 와이프는 커피맛 요렇게 스누피 우유 2개를 사이좋게 가져왔어요. 스누피 커피우유 딸기우유 원래 판매가격은... 별별리뷰의 세상 모든 리뷰https://blog.naver.com/sinho81?Redirect=Log&logNo=222662320640N스누피커피우유 카페인 함량 체크2022-01-28스누피커피우유 카페인 스누피우유는 커피맛 말고도 초코 딸기 등 종류가 더 있다. 초코맛과 딸기맛 순간 끌렸으나 원래 계획했던 거 사는걸로. 스누피커피우유 카페인 커피우유고, 예전에 유투브에서... 책 그리고 경험과 소비의 재해석https://blog.naver.com/avril_belle?Redirect=Log&logNo=222633402119N비요뜨 등) GS25 편의점 스누피 커피우유, 애플망고 젤리 리뷰2021-06-242+1상품 시험 공부중인 아이가 부탁한 스누피커피우유 ㅎㅎ 커피우유만 샀는데 식빵을 서비스로 GS25 6월 한달 동안 스누피 우유를 사면 브래디큐 식빵 25 무료로 준대요. 요 커피 우유가 좀 진한가봐요. 시험... 건강하고 야무진 Smart Lifehttps://blog.naver.com/skc9528?Redirect=Log&logNo=222408496775N[커피로그. 스누피 커피우유] 3차 백신 3일차!2022-01-19정신을 차리고도 너무 피곤해서 집 앞에 편의점에서 [스누피 커피]랑 [해피뉴이어 초코파이]를 사 와서 당, 카페인 충전으로 억지 텐션을 올려보려고 해도 도저히 피곤함이 사라지지가 않더라고요.. (포스팅을... 찌수's Daily 소통 블로그https://blog.naver.com/qkrejrwk0810?Redirect=Log&logNo=222626217588N스누피 커피우유 카페인, 영양성분, 맛 후기2020-12-08스누피 커피우유 앞면에는 귀여운 스누피가 헤드셋을 끼고 인라인 스케이트를 타고 있네요 ^^. 하단에는 커피맛우유 | 가공유 | 250ml(155kcal) 커피파우더 0.28%, 총 카페인함량 33mg 으로 적혀있습니다.... 내 맘대로 블로그https://blog.naver.com/skw6935?Redirect=Log&logNo=222166276451N편의점 베스트, 고 카페인 더 진한 : 스누피 커피우유2022-03-19리모모예요:) 집 근처 편의점 갔더니 스누피 커피우유가 눈에 띄더라구요! 예~전에 스누피 커피우유 처음 나왔을 때 고 카페인이라 마시면 잠 못 잔다 이런 얘기를 많이 들었어서..ㅎㅎㅎㅎ 오랜만에... 리모모 데일리룩 블로그https://blog.naver.com/z1naz1?Redirect=Log&logNo=222677205435N씨유 스누피 커피우유2022-02-17반가운 우유를 만났어요. 바로 씨유 스누피 커피우유인데요. 어렸을 때 시험기간이면 밤샘 공부한다고... 지금도 카페인은 많이 들어있는 것 같은데, 저도 그동안 커피도 많이 마시고 카페인에 대해 많이... §§ b e d s p o r §§https://blog.naver.com/bedspor33884?Redirect=Log&logNo=222650637066NGS25 스누피 커피우유 ‘더 진한 커피’ 카페인이 필요할때... 2021-07-23암튼 이웃님들도 더운 날씨에 건강 잘 챙기시고 불금인 오늘도 행복하세요^^ #스누피커피우유 #스누피더진한커피 #커피우유추천 #커피우유리뷰 #고카페인 #고카페인커피우유말벗의 일상 블로그https://blog.naver.com/mylove1005?Redirect=Log&logNo=222442139201N[일상] 스누피 커피 우유2020-11-06그런가 스누피 커피우유 진짜 맛있어요ㅋㅋㅋㅋ 어제 먹으면서 달아! 맛있어! 하면서 다 마신...ㅋㅋㅋㅋ 카페인만 아니면 그냥 바나나 우유처럼 마실텐데 아쉬워요 ㅠㅜㅠ ((근데 스누피 우유 짱은 초코우유....소소한 일상의 숲https://blog.naver.com/forest2809?Redirect=Log&logNo=222136843167",,,,,,,,,,,,,
-,하리보,"5,500","21,200","26,700","178,281",6.677,- (-),"N마곡네일 루씨드뷰티살롱에서 하리보 곰돌이 수제네일2022-03-13아무튼 요 하리보 곰돌이 수제 네일로 선택! 가격표 왁싱, 속눈썹, 네일 가격표! 시술 내용에 따른 추가... 선택한 하리보 곰돌이네일 너무 귀여웠음 ㅋㅋ 투명 곰돌이 안쪽에 반짝이 있는데... 사진에 잘 안... 달콤 비https://blog.naver.com/haha3587?Redirect=Log&logNo=222671473120N인싸가 될 하리보 피크닉 돗자리2022-04-11100년의 역사를 자랑하는 젤리회사하면 바로 떠오르는 하리보가 그려진 피크닉 돗자리가 있어요 들고... 돌아와 하리보 피크닉 돗자리의 가장 큰 핵심포인트라고 한다면 가방이 아닐까 싶어요 왕크니까... Sunny Househttps://blog.naver.com/skywingbuzz?Redirect=Log&logNo=222697281493N크리스탈 헤이즈 하리보 목걸이 직구 방법 @ 하입비스트2021-11-28저는 야식 먹고 배불러서 지금까지 안 자고 있네요 ㅎㅎ 오늘은 크리스탈 헤이즈 하리보 목걸이... 두 주먹을 앙 쥔 거 같은 깜찍한 곰돌이를 만날 수 있어요~ 가까이서 보니 왜 하리보라고 하는지 알 것... SALON DE J.https://blog.naver.com/jiny_home?Redirect=Log&logNo=222580632563N[베를린] 독일에서 선물하기 추천! 나만의 커스텀 하리보 만들기2022-03-11나의 사랑 너의 사랑 우리의 사랑 하리보! 하리보 홈페이지에서 커스텀 주문이 가능한거 아시나여~ 선물로 종종 만드는데 꽤 괜찮다. 일단 https://onlineshop.haribo.com/ 하리보 온라인 샵에 들어가면 이 항목!... 베를린 살롱https://blog.naver.com/sweetkkubi?Redirect=Log&logNo=222669776538N크리스탈 헤이즈 하리보 목걸이 직구 @ hbx SALE + 15%2022-03-30크리스탈헤이즈 / 하리보 목걸이 크리스탈헤이즈 AKA 하리보 목걸이 입니다. 요 몇년 전부터 유행 하고 남성이고 여성이고 모두에게 인기 여자분들은 연령대 가리지 않고 인기 입니다. 크리스탈헤이즈 직구... 써머즈의 쇼핑이야기https://blog.naver.com/halims83?Redirect=Log&logNo=222686863828N피크닉 매트 귀여운 하리보 돗자리로 나들이2022-04-10나들이 할 때 갖고 다니면 좋을 넓직한 피크닉 매트 아이가 좋아하는 하리보에서 나왔길래 겟했어요. 보관가방까지 패키지로 나와서 갖고 다니기에도 좋고 방수도 되는 재질이다보니 요긴하네요. 하리보... Dreaming whale's Delicious & Beautiful Dayhttps://blog.naver.com/kkamrabbit?Redirect=Log&logNo=222696790703N하리보 시리얼볼4P / 스푼 앤 포크 : 막 꺼내주기 좋은 아이식기!2021-12-06오늘은 친척언니에게 선물받은 하리보 식기를 소개해볼까 합니다! 아이들 간식 식기로 너무 잘 사용하고있고 수저도 밥수저로 애용중인 하리보 식기! 소개해볼게용? 하리보 시리얼볼 4P set 시리얼볼 먼저... 이브나의 인생놀음https://blog.naver.com/b920914?Redirect=Log&logNo=222587732068N하리보 골드베어 스프링에디션2022-02-28하리보 골드베어 스프링에디션 편의점 젤리 코너에도 봄이 등장했지요. 하리보에서 신상 아닌 신상품이 나왔더라고요. 보자마자 냉큼 구매를 해왔답니다.ㅎㅎ 편의점에서 구매 가격은 2,000원이에요. 이번 2월... Mystery Black Rabbithttps://blog.naver.com/redflower836?Redirect=Log&logNo=222659946192N맛있는 하리보 젤리 종류 추천 골드베렌 스타믹스 웰치스젤리... 2022-03-14그 중에는 제가 좋아하는 하리보 젤리도 있는데요. 오늘은 제가 맛보았던 하리보의 여러가지 젤리를 소개해 드릴까 합니다. 하리보에는 여러가지 젤리가 있는데요. 독일이 원산지인 이 젤리는 무려 125종... 정보의 공유https://blog.naver.com/ahspzk2000?Redirect=Log&logNo=222672787847N하리보젤리 칼로리 충치유발지수는?2022-02-15하리보젤리 칼로리 충치유발지수는? 원래 저는 젤리를 좋아하는 편이 아니었어요. 근데 근무시간에... 큰 봉지보다 작은 봉지의 하리보가 더 딴딴해서 식감도 좋고 맛있게 느껴져요. 그래서 순식간에 앉은... 태콩이의 세상이야기https://blog.naver.com/hhasd112?Redirect=Log&logNo=222648343949",,,,,,,,,,,,,
-,쥬시쿨,720,"3,490","4,210","34,446",8.182,- (-),"N떡참 네고왕 로제 쌀떡볶이  치킨 쥬시쿨 광주 봉선점2022-04-08떡참 네고왕 세트는 떡볶이 + 치킨 + 쥬시쿨 + 치즈볼 로 구성되어 있어요! 금액은 9,800원 떡참... 맵기1단계로 쥬시쿨 마실 생각이 1도 없었고 떡볶이랑 치킨 다 먹은 후 마무리로 쥬시쿨 마셨어요! 떡참... 나를 완성하는 하루하루https://blog.naver.com/0102sumin?Redirect=Log&logNo=222694761856N신당동마복림할머니즉석떡볶이쥬시쿨맛집2021-12-20옆 테이블에서 쥬시쿨 맛집이네 이랬는데 .. 눈앞에 있는 즉석떡볶이의 기대감에 부풀어서 .. 무슨 소리... 옆테이블에서 왜 쥬시쿨맛집이라고 한지 .. 공감이되었네요 정말정말 개인적으로 솔직한 남친돈남친산... 인천공장Bank~♬https://blog.naver.com/572_5888?Redirect=Log&logNo=222599928619N빙그레, 쥬시쿨, 요구르트 등 일부 유제품 가격 인상2022-04-13빙그레가 쥬시쿨, 요구르트 등 일부 유제품의 가격을 올리기로 했다. 이번 가격 인상 품목은 작년 유제품 가격 인상에 반영되지 않은 품목이다. 가격 인상 내용은 출고가격 기준으로 쥬시쿨 6.7... 세상 모든 이야기···경제, 맛집, 여행, 자동차https://blog.naver.com/yes1676?Redirect=Log&logNo=222699405072N[평일 일상] 녹차쉐이크/카야토스트/산타놀이/찜닭/쥬시쿨... 2022-02-08먹느라 이것밖에 못 찍었..ㅋ 저녁은 찜닭 시켜서 야무지게 잘 먹음b 먼 길 와줘서 너무너무너무 고마어♡ 2/8(화) 가래떡 굽굽 예랑이 아침 가래떡구이 & 커피 새벽배송은 너무 설레지 쥬시쿨/쿨피스 왜... ♣일상의 소중함♣https://blog.naver.com/jtu0323?Redirect=Log&logNo=222642123512N빙그레 쥬시쿨 자두 상큼해2021-05-14빙그레 쥬시쿨 자듀 상큼해 점심때 불닭발 먹고 너무 매워서 편의점에 가서 음료를 찾던중에 달달하고... 음식을 먹고 마시면 딱 좋을것 같아요~ 지금까지 가격도 착하고 맛난 빙그레 쥬시쿨 먹어본 후기 였습니다.장지원 한복https://blog.naver.com/dlsehtnvdldi?Redirect=Log&logNo=222351115231N빙그레 쥬시쿨 사과에이드와 금귤&감귤에이드2021-11-07주말 아침 따뜻한 날씨가 좋아서 오랜만에 산책을 하고 돌아오는 길에 편의점에서 맛있는 음료를 사왔어요~ 저에게 주는 작은 보상 같은(?) 빙그레 쥬시쿨 에이드를 소개합니다 :-) 빙그레 쥬시쿨 에이드 원래는... GOLD DAYhttps://blog.naver.com/heqkfkaxcv_0?Redirect=Log&logNo=222561186137N이디야 갤럭시치노 오로라 & 샤인파인 수박바 쥬시쿨 생각난다!2021-07-15이것도 역시나 마시면서 익숙한 맛이네~ 하다보면 완전 쥬시쿨 맛이에요. 그래도 상콤달콤 맛 조화가 나쁘지 않아서 이건 막 비추는 아니에요~ ㅋㅋ 둘 다 마시고나면 시원한 불량식품을 잔뜩 먹은 느낌이 입안에... 낭랑주부's “똑”소리나는 살림이야기https://blog.naver.com/jasmin7141?Redirect=Log&logNo=222432352100N쥬시쿨 청포도 에이드 과채음료 맑고 투명한 상콤한 맛보셨나요?!2022-01-10빙그레 쥬시쿨 한번쯤 맛보신 유산균 음료부터 감귤 에이드 까지 다양한 스타일의 맛과 향기로 쿨피스와 양대산맥으로 불릴만큼 쥬시쿨이 향긋 상큼한 맛으로 청포도 에이드로도 나왔나봐요!! 늘 먹던 유산균... 느낌으로 아는힘 컨슈니어 시각으로 본다""https://blog.naver.com/nomad5893?Redirect=Log&logNo=222618014906N초딩으로 돌아가기(feat. 얼린 쥬시쿨)2022-03-31얼려서 몸뚱이 저거 허얘진거 보이지 쥬시쿨이 집에 있는데 그냥 먹기는 아쉽잖아",," 아주 잘 얼었어 내 무기는 포크 아이스크림 막대가 아니어서 쫌 아쉽지만 ㅠ 근데 이거 너무 꽝꽝 얼어서.... 쥐똥만큼... @seolhyeon._https://blog.naver.com/yshyeon22?Redirect=Log&logNo=222687782207N빙그레 쥬시쿨 사과에이드2021-09-12과일맛유산균음료로 알려진 쥬시쿨에서도 이런 상품이 나온다. 제조는 늘 언급하곤 하는... 느낌이 있었는데 그게 포멜로였나보다. 재구매를 생각할만한 음료라고 본다. 빙그레 쥬시쿨 사과에이드 250mlx10컵피란제아의 잡다구리https://blog.naver.com/fillanzea?Redirect=Log&logNo=222503094132""",,,,,,,,,,,
-,서울우유,"8,100","30,200","38,300","182,484",4.765,- (-),"N서울우유 검은콩 블랙라벨 세븐일레븐 4월행사 2+12022-04-01여튼 서울우유 검은콩우유는 신상품이라 쓰여있었지만, 검색해보면 다른 디자인으로도 나오는 것이, 단종되었다가 새로 나온건가? 싶더라구요. 디자인은 이번이 나은 듯~ 국산 검은콩(약콩) 농축액 0.185... -에르르네 집。https://blog.naver.com/aeirmeki?Redirect=Log&logNo=222689073844N서울우유 더 진한 플레인요거트 순수로 집에서 그릭요거트... 2022-04-12나는 서울우유 순수 더진한 플레인요거트를 사용했다 . 우유를 사서 플레인요거트부터 만드는 방법도 있지만 넘 귀찮고 시간도 많이 들어서 그냥 요거트는 돈 주고 샀음... http://naver.me/xhA6py2W 대형마트에 가면... YOUNG FOREVERhttps://blog.naver.com/gde0817?Redirect=Log&logNo=222698746861N서울우유 대용량요거트 더진한플레인요거트 순수1.8L2022-02-20서울우유 대용량요거트 더진한플레인요거트 순수1.8L 여러분 안녕하세요 루나입니다! 요즘 제가 다시금... 브랜드인 서울우유에서 나온 더진한 플레인요거트 순수를 후다닥 알아봤습니다 ㅋㅋㅋㅋ 설탕이... 루나의 다락방https://blog.naver.com/hanabi_02?Redirect=Log&logNo=222652971238N밀크티잼, 얼그레이잼 만들기  w 서울우유2022-01-05서울우유로 밀크티잼 만들기 예전에 찍은 사진이라 유통기한이 지나있어요 서울우유 그린라벨 우유를 이용해서 밀크티잼을 만들었어요. 서울우유 그린라벨은 HACCP인증을 받은 목장에서 엄선하고, 체세포수... 정이월드https://blog.naver.com/song871?Redirect=Log&logNo=222613681255N용인 플랫폼시티 정리 + 구성역 서울우유부지 신축아파트... 2022-02-042) 노선도 : 파주(운정) - 킨텍스(일산) - 대곡 - 연신내 - 서울역 - 삼성역 - 수서역 - 이매역(성남)... 용인 플랫폼시티 구성역 서울우유 부지에 신축아파트가 후분양된다! e편한세상 구성(가칭) 으로 999세대를... 직딩 혜무늘보 돈버는 일상https://blog.naver.com/mellongi123?Redirect=Log&logNo=222638540332N수제 그릭요거트 만들기/서울우유요거트로 그릭요거트 만들기2022-04-05- 준비물 : 서울우유 더 진한 플레인 요거트, 면포, 무거운 물건(??), 1. 요거트를 준비한다. 일단 이... 어떤사람은 우유>요거트>그릭요거트 로 전체다 수제로 만들지만, 그거까지 하면 난 안해먹을것을 알기에... 여기서 행복하기https://blog.naver.com/c1c2c3c4c?Redirect=Log&logNo=222692094518N[서울우유 메이플진저잣 두유] 엄마 이게 뭐야 두유에서 생강... 2022-03-11그 이후 아 서울우유가 우유말고 잘하는 것들이 많구나, 무한 신뢰를 가지게 되었는데 (위의 흑임자우유와 고단백저지방 우유는 아직 온고잉 중이니 강추한다.. 꾸덕한 흑임자우유와 식단 중일 때 물같지 않은... mellow minglehttps://blog.naver.com/ohnyoou?Redirect=Log&logNo=222669887165N[단백질 음료 추천]서울우유 에서 만든 클릭유 화이트프로틴 후기2022-02-20서울우유 클릭유 화이트프로틴은 우유회사에서 만든 단백질 음료인만큼 우유단백질 100%를 사용했어요. 단백질의 종류가 여러가지인데 우유 단백질은 유청단백질과 카제인단백질로 이루어져 있어요. 이... 샨잉샨잉의 블로그https://blog.naver.com/sunjoy0902?Redirect=Log&logNo=222652502043N아이들 간식으로 좋은 서울우유 유기농주스2022-03-22그런데 믿고 마시는 서울우유에서 어린이주스가 출시되어 마셔봤는데 정말 맛있어서 어린이간식으로 추천하고 싶더라구요~! 서울우유 유기농주스에요. 이 어린이주스가 좋은 가장 큰 이유는 채소를 잘 먹지... 라후네와글와글+꽈리https://blog.naver.com/redhollyhock?Redirect=Log&logNo=222680064050N간식으로 챙기는 서울우유 그린라벨은 도대체 어떤 우유일까?2022-03-23아침에는 시리얼과 함께 섭취를 하고, 음료 대신 수시로 흰 우유를 마신다. 서울우유 그린라벨은 좀 더 진하고 고소한 맛이 있다. 아주 미묘한 차이지만, 우유를 많이 먹는 아이들은 그 차이를 아는 것 같다.... 코끼리공장의 해피엔드https://blog.naver.com/2005_01_08?Redirect=Log&logNo=222680348460",,,,,,,,,,,,,
-,맑은샘물,180,860,"1,040","71,330",68.587,높음 (15),"N지구를 생각하는 스마트 컨슈머와 무라벨 생수[맑은 샘물]... 2021-05-05홈플러스 시그니처 무라벨 맑은 샘물은 환경을 위해 라벨을 없애 이산화탄소 배출양 감소에 도움을... 일주일에 10병의 생수를 시그니처 무라벨 맑은 샘물로 바꾼다면 일년에 약 400g의 플라스틱을 아낄 수... 당당줌마의 바느질세상https://blog.naver.com/empal69?Redirect=Log&logNo=222339348290N분리수거가 쉬운 무라벨생수 홈플러스 시그니처 맑은샘물2021-05-06홈플러스 시그니처 상품 소개해요~ 바로바로~ 홈플러스 시그니처 맑은샘물 이에요~ 환경을 사랑하는... 한쪽에는 제품명 홈플러스 시그니처 맑은샘물이 적혀있고요. 반대편에는 제조일과 수원지 정보가 있네요.... 추억남기기https://blog.naver.com/july_first?Redirect=Log&logNo=222340015221N동원샘물 생수 , 새롭게... 디자인과 환경을 생각하는 맑은 샘물2022-04-12동원 샘물 2L 맑은 샘물 입니다~ 물의 성분은 심층암반수 그대로이고 제품의 디자인의 변화가... 같아요~ 맑은 물답게 깔끔하게 넘어가는 동원샘물이에요~ 자주 마셔주고 있습니다 ㅎㅎ - 추가로 4월 10일부터... HYEON lifehttps://blog.naver.com/shhs7?Redirect=Log&logNo=222699038126N에비앙 fiji 물 맑은샘물 생수차이점 피지워터 헛개수물 헛개차2021-07-26♥ 오늘은 #에비앙 #fiji #물 #맑은샘물 #생수차이점 #피지워터 #헛개수물 #헛개차 에 대해서 직접... 대상은 헛개수물과 맑은샘물 그리고 에비앙과 피지워터였습니다. 피지워터는 흔히 '오렌지박스' 라고 하는... ♥신나게, 상콤하게, 자신있게♥https://blog.naver.com/seoyunk94?Redirect=Log&logNo=222445510567N계유일주는 맑은 샘물이다 / 편인 / 병 / 갑목일간 / 을목일간... 2021-11-14계유일주는 맑은 샘물이다. 癸酉 계유일주의 물상은 ‘옹달샘’과 같다. 유금이라는 금은 천간으로... 깨끗하고 잘 다듬어진 돌에 계수라는 ‘음수’가 모여 있으므로 백웅도사는 계유일주를 ‘맑은 샘물’... 백웅도사 운명연구소｜사주 타로https://blog.naver.com/whitebear_dosa?Redirect=Log&logNo=222567820399N전통주양조장 맑은 샘물처럼 깔끔한 맛 녹천주조장 한산소곡주2021-03-27건지산의 맑은 물과 정성, 현대적인 깔끔한 설비로 위생적으로 만들어지는 녹천 주조장 모든 과정을 거쳐 완성된 소곡주는 소비자를 기다리고 있었습니다 정성으로 만들어진 녹 맑은 샘물처럼 깔끔한 맛... 1500년을 이어져 내려져 온 술, 서천한산소곡주https://blog.naver.com/wjd3064?Redirect=Log&logNo=222288408965N동원샘물 라벨프리 맑은 샘물 마셔요2022-03-23지친 일상에 활력이 되어줄 생수를 찾는 분들, 추천드려요! #동원샘물, #무라벨생수, #무라밸생수, #라벨프리생수, #친환경생수, #동원샘물무라벨, #동원샘물라벨프리, #생수추천, #맑은샘물, #동원샘물생수Welcome *https://blog.naver.com/soul7434?Redirect=Log&logNo=222680511915N홈플러스 시그니처 맑은샘물, 무라벨 생수2021-05-10시그니처 맑은 샘물, 무라벨 생수 홈플러스시그니처 시그니처 무라벨 생수는 경기산청분 지리산... ㅋㅋ 20개 묶음을 위한 비닐말고는 없는 무라벨 맑은 샘물 군더더기 없는 깔끔한 맛으로 아침에 한병씩!! 하루... 일상의 감상https://blog.naver.com/eakyonj1004?Redirect=Log&logNo=222344408413N홈플러스 시그니처 :: 무라벨 맑은샘물 :: 지구를 생각하는... 2021-05-07ㅋㅋㅋㅋ 근데 홈플에서 이번에 #무라벨 맑은 샘물을 출시했어요!! 아 착한사람들!! #무라벨생수 라니요 칭찬합니다.!! 감사합니다.!! 경기 연천군 백학면 / 경기 산청군 지리산 일대의 수원지에서 생산되는 청정... YOJOCOOK 요리조리 맛깔나는인생https://blog.naver.com/kyh618?Redirect=Log&logNo=222341920704N동원샘물 친환경 맑은 샘물 무라벨 생수2022-02-21라벨이 덕지덕지 붙어 있는 것보다 깔끔하고 맑은 샘물이 눈에 더 잘 들어옵니다. 믿을 수 있는 동원샘물!!! 물에도 맛이 있다고 생각해요. 제가 꾸준히 친환경 생수들을 많이 마셔봤는데 그 중에서 제 입에 맞는... 아이키우기 대작전https://blog.naver.com/ekdqjseowkd?Redirect=Log&logNo=222653287207",,,,,,,,,,,,,
-,카페25,480,"1,250","1,730","8,340",4.821,- (-),"N일상-만보기 앱테크와 지에스25(공짜 카페25), 주저리주저리2022-01-13GS25 카페 25 가격 및 에스프레소 머신 사용 방법 솔직히 쉬미는 사용방법 안 읽어 보고... 그냥 왼쪽 맨 위에 있는 핫 아메리카노 버튼을 클릭하고... 대충... 컵은 여기 놓으면 되겠지~하고 출수구 2개가 있는... 쉬미's 사적인 공간https://blog.naver.com/smijoung?Redirect=Log&logNo=222620509280N슬기로운의사생활 스윗한 정원샘 유연석이 마시는 카페252020-04-02슬기로운의사생활 캡처 그런데 이렇게 잘생긴 유연석이 이번엔 제주도에서 카페를 하던 경력을 살려 2020년 GS25 원두커피브랜드 카페25의 메인 모델이 되었대요. 짝짝짝!! 유연석 씨 이미지랑 커피랑 너무 잘... 따스한 햇살 그리고 가벼운 발걸음https://blog.naver.com/zamtangei?Redirect=Log&logNo=221887014169N카페25, 유튜브, ‘베르테르’ 라이브 방송 영상 & 막공... 2020-10-07길에 카페25 멤버십 페이백 포인트를 사용하기 위해 gs25 편의점에 들렀다! 8월 기준, 100% 페이백 이벤트를 했어서 2500원의 포인트 전액을 사용해서 핫 아메리카노(1200원), 핫 카페라떼(1700원)를 구매했다. 지금... 로에’s Diary??https://blog.naver.com/taeback5?Redirect=Log&logNo=222109551529N카페25, 급이 다른 편의점커피, GS25신상 에스프레소를 1... 2022-04-05그렇다고해서 인스턴트나 편의점커피로는 채워지지 않는 카페인에 울며 겨자먹기로 사먹곤 하였습니다. 최근 우연히 간 GS25에서 만난 편의점신상 카페25에스프레소는 제가 가지고 있던 편의점커피에 대한... 호텔 그리고 여행https://blog.naver.com/hote1tour?Redirect=Log&logNo=222692653117NGS25 카페25 모카라떼 마셔봤어요2021-12-31GS25 카페25는 최고급커피머신, 스페셜티블렌딩원두, 친환경 컵을 사용한 커피네요. 저는 GS25 커피는 이번에 처음 마셔봤어요. 남자친구는 아메리카노를 마셔봤는데 맛이 괜찮았다고 하더라고요. 카페25... 플러키비비의 맛있는 이야기♡https://blog.naver.com/loveyou12?Redirect=Log&logNo=222609802910N더팝플러스 카페 25 구매후기-실전편2022-03-14함께 읽으면 좋은 글 더팝플러스 이용하기 더팝 한끼플러스 #더팝플러스 #더팝플러스카페25 #GS25커피 #가성비좋은커피 #저렴한커피 #GS25행사 #알뜰생활 #절약생활 #지출방어매일매일 수익내기https://blog.naver.com/thdudskdwk?Redirect=Log&logNo=222672115800NGS25 커피 카페25 신상 아이스 리얼 바닐라라떼 추천, 할인팁2021-06-27- 있기는 하지만, 정말로 매우, 매우 작은지라 ㅋㅋㅋ 이런 고급 카페 메뉴를 소화하기엔 아직 무리거든요  카페에서 먹는 것 같은 달달한 바닐라라떼는 앞으로도 당분간 GS25 카페25 커피를 이용하는 걸로! 그럼... 백곰의 빼꼼 내다보기https://blog.naver.com/polar2795?Redirect=Log&logNo=222412001116N카페25 갓성비 에스프레소 1,000원으로 즐기기2022-04-06카페25에스프레소 편의점커피 안녕하십니까 사장님덜 쭌사장 입니다 오늘은 GS25카페의 편의점커피 카페25에스프레소 를 소개해드릴려고 하는데요 GS25카페를 자주 이용하고 있는 저의 입장에서 말씀을... 쭌사장의 우쭐한 사생활https://blog.naver.com/championjun?Redirect=Log&logNo=222692983379N편의점 커피 추천 - 유연석 카페25 가격,맛2020-05-25이거 보고 나서 커피도 유연석 카페25것만 먹어요 집 근처에 솔직히 GS25편의점이 제일 많기도 하고... 않은데 카페라떼도 1,700원이구... 흑당커피나 오렌지블론드 같은 종류도 있구요 요즘 여름이니까 아이스... 케넨의 하루https://blog.naver.com/teemogogo?Redirect=Log&logNo=221977297452N더팝플러스 카페25 사용후기2022-04-11GS25에서 카페25 구독서비스 구매후 받아서 이용중입니다. 제가 일하는 곳 바로 옆 편의점이라서 커피 생각나면 일주일에 3~4번은 들러서 마셔요. 아이스아메리카노가 1700원이면 비싸다고 느껴졌어요.... 브레인khttps://blog.naver.com/jewel9836?Redirect=Log&logNo=222698085100",,,,,,,,,,,,,
-,생귤탱귤감귤,20,250,270,"1,218",4.511,높음 (3),"N[빙그레] 생귤탱귤감귤2021-10-19#빙그레 #귤맛 #생귤탱귤감귤 #아이스크림 오늘의 아이스크림은 생귤탱귤 감귤. 겨울은 아무래도... 전반적으로 감귤의 새콤한 맛이 느껴지긴 하지만 신맛보단 단맛이 더 와닿는다. 베라의 레인보우샤베트처럼... 되는대로 살자 :)https://blog.naver.com/eungi96?Redirect=Log&logNo=222542066935N생귤탱귤 감귤, 저칼로리 아이스크림, 다이어트 할 때 먹는... 2020-08-12이미 썸네일에 나와있는 생귤탱귤 감귤입니다. 제주산 감귤 50%가 함유된 아이스크림이죠~? 친구는 오렌지 주스 얼린 맛이라고 하는데, 따지고보면 더위사냥도 커피 얼린 맛이랑 비슷하죠 ㅋㅋ 요즘... 마음을 담는 글쟁이https://blog.naver.com/sssch330?Redirect=Log&logNo=222058157624N상큼시원한 아이스크림 생귤탱귤 감귤 VS 엔초민트2021-12-03딱인 생귤탱귤 감귤 아이스크림인데요. 보기에는 비타민C 팍팍 들어간 색감이라 새콤만 할 것 같은데... 같아요 #상큼한아이스크림 #생귤탱귤 #감귤아이스크림 #민트아이스크림 #민초단 #엔초 #엔초민트... 빛나는 하루의 정리https://blog.naver.com/eblovebr0915?Redirect=Log&logNo=222586208068N빙그레  생귤탱귤 감귤 - 제주산 상큼한 과일 아이스!2021-07-05이름도 구수하게 잘 지었네요, 생귤탱귤 감귤! 빙과 70ml, 감귤농축과즘 7.5%, 제주산 감귤 50%가 함유되어 있습니다. 해태 용암수 아이스바도 제주 용암수로 만들어졌는데 요즘 제주도에서 만들어진 식자재들이... 神出鬼沒https://blog.naver.com/sinchulgwimol?Redirect=Log&logNo=222421410321N생탱감귤(생귤탱귤감귤)VS천혜향 아이스크림 비교2022-03-18#생탱감귤 #천혜향 #생귤탱귤감귤 #아이스크림 #아이스 #아이스크림비교 오늘은 제가 이 두개의 아이스크림을 리뷰해보려고 해요! 저는 아이스크림중에 살짝 얼음으로 된 아이스크림을 좋아하는데 폴라포... 헬로 논싼https://blog.naver.com/konal2001?Redirect=Log&logNo=222676151799N해태부라보바초코청크마일드,빙그레생귤탱귤감귤후기(가격... 2020-07-04여름엔 막대바, 하드를 먹어줘야 하잖아요.^^ 해태 부라보바 초코청크마일드와 빙그레 생귤탱귤감귤... 감귤농축과즙, 감귤자몽시럽등이 보이네요.^^ 우유베이스가 아니라서 역시나 딱딱했어요. 좀 녹인... 초코송이 플레이스https://blog.naver.com/dotororo99?Redirect=Log&logNo=222020641120N아이스크림 리뷰 - 빙그레 '생귤탱귤 감귤'2021-07-24생귤탱귤감귤이다 일단 이건 내가 옛날부터 엄청 좋아했다 상큼달달 딱 내입맛ㅎㅎ 맛은 감귤 맛이... 빙그레 #생귤탱귤 #생귤탱귤감귤 #빙그레생귤탱귤감귤 #생귤탱귤감귤리뷰 #후식 #후식추천 #디저트... imstar bloghttps://blog.naver.com/imstar0709?Redirect=Log&logNo=222443603517N생귤탱귤감귤 아이스크림 리뷰2021-09-10#생귤탱귤감귤 #생귤탱귤감귤리뷰 #생귤탱귤 #생귤 #탱귤 #감귤#내돈내산 #내돈내먹 #감귤아이스크림 #감귤맛 #감귤맛아이스크림추천 #막대아이스크림 #아이스크림리뷰 #아이스크림추천 #아이스크림후기 #간식... 누군가의 이야기?https://blog.naver.com/hewon430?Redirect=Log&logNo=222501822345N가공식품에서 이물질 나왔을 때 대처법 (빙그레 생귤탱귤감귤에... 2020-08-02글을 가져왔어욤 ∩^ω^∩ 제가 생귤탱귤감귤 아이스크림을 너무너무너무 좋아하는데 먹다가 글쎄... 솔직히 기분이 상하긴 했는데 담당자분께서 너무 죄송하다고 친절하게 이야기해주셨고, 생귤탱귤감귤... 디듀의 일기장https://blog.naver.com/hjisu323?Redirect=Log&logNo=222049282330N빙그레 생귤탱귤 감귤 아이스크림 리뷰2021-08-01첫인상은 감귤쥬스 얼린 느낌이에요 향도 감귤향 물씬물씬~~ 시원한 감귤 샤베트 아이스크림바 입니다. 그냥 생각대로의 맛이에요~~ 감귤 좋아하신다면 빙그레 생귤탱귤 감귤 아이스크림 추천드립니다~^^행복한 사람이 되고 싶은 블로거https://blog.naver.com/fortrees99?Redirect=Log&logNo=222453513941",,,,,,,,,,,,,
-,꼬북칩,"2,220","10,200","12,420","72,543",5.841,- (-),"N꼬북칩 스윗바닐라 먹어봤습니다2022-03-06온 꼬북칩 스윗바닐라에 대해 솔직하게 이야기해볼까 합니다 이전에 츄러스맛 꼬북칩은 제가 막 맛있다고 하지 않았는데 이번에는 과연 어떻게 느꼈을지~ 편의점마다 보여서 굳이 말 안 하려고 했는데 혹시나... 프레스티시모https://blog.naver.com/sht9182?Redirect=Log&logNo=222665351516N꼬북칩 스윗바닐라 난 왜 너무 맛있지이2022-02-06들어가면 늪에 항상 빠져요..담고 담고ㅋㅋㅋ 그 중에서 이번에 눈에 띄어버린것은 꼬북칩 스윗바닐라... 오리온 꼬북칩 스윗바닐라맛 주문했어여 판매하는 곳들을 많이 찾으시던데 저는 롯데마트에서 구매를... 떵이의 오즈나라https://blog.naver.com/kangsy0203?Redirect=Log&logNo=222640224518N꼬북칩 초코츄러스 vs 인절미 vs 콘스프 맛2022-01-29제게 그건 꼬북칩 쟝임 2022년 1월 신제품으로 스윗바닐라 맛 나왔던데 너무너무 달고 느끼하다는 말이... 두께의 칩 4겹이 겹쳐져 있어서 식감이 정말 정말 좋지용! 짭짤한데 고소하고 단맛도 있어서 좋아해요... EShttps://blog.naver.com/yseslly?Redirect=Log&logNo=222634699309N꼬북칩 스윗바닐라 무슨 맛이냐면?!2022-03-05녕뚜 왔어요:D 여러분,, 꼬북칩,, 좋아하세여,,??? 그렇다면,,소리질러!!!! 꼬북칩 스윗바닐라 맛이 나왔으니까!!! 까악!!까악!!!!!! 과자는 역시 클래식이지. 새로 나오는 것들은 머선 영;;; 자극적임으로 반짝 인기를... 뚜뚜뚜루뚜뚜뚜뚜https://blog.naver.com/nddoo_?Redirect=Log&logNo=222664775772N최애 과자, 누가 만들었을까? 꼬북칩 스윗바닐라맛 개발자 인터뷰2022-03-04출시와 동시에 SNS상에서 대박 신제품으로 입소문 난 편의점 신상템 꼬북칩 스윗바닐라맛 부드러운 바닐라맛이 매력적인 꼬북칩은 누가 어떻게 개발한 걸까요? 이러한 궁금증을 풀기 위해 우리들의 최애과자... 오리온 공식 블로그https://blog.naver.com/orionblog?Redirect=Log&logNo=222663707816N꼬북칩 스윗바닐라 후기 - 저 세상 달콤함과 바삭함 (가격... 2022-01-24파티셰 꼬북순이 캐릭터가 있다 부드러운 달콤함을 담았다는 꼬북칩 스윗바닐라 입안 가득 달콤한... 기존 꼬북칩 대비 칩 사이 간격을 30% 이상 넓히고 한 개당 중량을 60% 가량 늘렸다고 하니 매우 기대 되는... 도담댁의 식후감 다이어리https://blog.naver.com/xoxox_?Redirect=Log&logNo=222630401959N꼬북칩 스윗바닐라 이름 그대로의 맛2022-01-30하나하나가 4겹으로 되어 있어서 바삭한 식감으로 유명한 꼬북칩인데, 꼬북칩 바닐라맛은 더 풍성한 식감을 위해 겹 사이의 간격을 콘스프맛 대비 30% 정도 넓히고, 칩 한 개당 중량도 약 60% 정도 늘렸다고... -에르르네 집。https://blog.naver.com/aeirmeki?Redirect=Log&logNo=222635238963N1월 셋째 주간군것질 : 꼬북칩 스윗바닐라 + 허니버터 뻥이요... 2022-01-19기존 꼬북칩처럼 가볍고 바삭바삭해서 맛있다. 앞에서 말했지만 바닐라향을 그리 안 좋아하는데도 맛나게 먹을 수 있었다. 칩과 칩 사이에 바닐라크림을 바른건지 단 맛이 제대로 난다. 싱겁다는 느낌이... 먹기 위해 사는 위장 환자https://blog.naver.com/nowwegom?Redirect=Log&logNo=222626109033N일상, 꼬북칩 스윗바닐라, 주간일기, 스물다섯 스물하나... 2022-03-21이렇게 뜯게되나니 #꼬북칩 #꼬북칩스윗바닐라 #스윗바닐라 #꼬북칩신상 스윗바닐라 꼬북칩 음...음... 그냥 그냥.... 역시 꼬북칩은 콘소매나 초코츄러스맛이 따라갈수없는것인가 ?! #일상 #위클리 #주간일기... 투토 :: TUTTO BLOGhttps://blog.naver.com/arigaddo_s2?Redirect=Log&logNo=222678001292N부드럽게 달달한 꼬북칩 스윗바닐라2022-04-06안녕하세요, 현월입니다 :-) 지난 1월에 꼬북칩 신상이 출시가 되었어요. 주변에 파는 곳이 없어 잠시 잊고 지냈는데 드디어 꼬북칩 스윗바닐라가 들어왔답니다. 지난번 초코츄러스맛은 너무 달았어서 이번... Mystery Black Rabbithttps://blog.naver.com/redflower836?Redirect=Log&logNo=222693173354",,,,,,,,,,,,,
-,생크림 딸기 샌드위치,20,180,200,"58,618",293.09,중간 (1),"N딸기샌드위치 만들기 후르츠산도 생크림 만들기 딸기 세척2022-03-16딸기샌드위치 생크림 만들기 후르츠산도 샌드위치만들기 딸기 세척 마트 들렀다 세일하는 싱싱한 딸기를 보고 3박스나 집어와 버렸어요 예정에 없이 잼도 만들고 청도 만들고.. 딸기향 가득한 하루를 보낸... 알콩's sweet factoryhttps://blog.naver.com/ssieie?Redirect=Log&logNo=222673835941N생크림 만들기 생크림 활용 요리 딸기 샌드위치 후르츠산도... 2021-12-16딸기 샌드위치 : 딸기, 생크림, 식빵 우선 딸기는 식초물에 잠시 담갔다가 흐르는 물에 헹궈줍니다. 꼭지를 제거하고 키친타올 위에 올려 물기를 빼줍니다. 식빵 위에 만든 생크림을 펼쳐주세요. 보통 빵 한... 네뜨,베리의 달달한 하루https://blog.naver.com/naettee?Redirect=Log&logNo=222597303935N딸기 씻는법 생크림 요리 달콤한 딸기샌드위치2022-03-01딸기 씻는법 생크림 요리 달콤한 딸기샌드위치 오늘은 비도 추적추적 내리고 휴일이라 새벽에 밥 차릴 일도 없다 보니 너무 편하게 잤는지 새벽이라고 생각하고 일어났는데 벌써 7시간 넘은 시간이었다죠. ㅡㅡ... 똥썹모친의 맛이야기https://blog.naver.com/yee1036?Redirect=Log&logNo=222660756001N상큼한 딸기샌드위치 만들기 제철 딸기요리 생크림 휘핑 하는법2022-04-12딸기샌드위치 만들기 생크림 휘핑하는 방법 제철 딸기요리 상큼한 딸기샌드위치 레시피에요! 딸기도 이제 끝물이라 참 아쉬운데 철이 지나기 전에 부지런히 사다가 먹어야겠지요 :) 딸기를 이용한 레시피... 유니맘의 맛있는 이야기https://blog.naver.com/lkm6770?Redirect=Log&logNo=222698497074N생크림 만들기 생크림 활용 요리 딸기 샌드위치 만드는법2022-01-05손쉽게 만들기 팁과 달콤하게 즐기는 딸기샌드위치까지 같이 만들어 보아요^^ 재료준비 시판 생크림 1팩(200ml) 설탕 20g 딸기 9개 식빵 2장 *설탕은 생크림의 5~10% 정도 준비해 줍니다. 하나, 볼에 차가운 상태로... 반짝반짝 빛나는 라이프https://blog.naver.com/firehouse79?Redirect=Log&logNo=222613832065N딸기샌드위치, 달콤한 생크림 하나면 딸기요리 성공적.2022-03-15저 모양을 보니 난 정말 아무런 생각이 없었...ㅋㅋㅋㅋ 달콤하면서 부드러운 생크림맛이 매력적인 딸기샌드위치 성공:) 생크림자체가 느끼하지 않아서 입안가득 들어가도 전혀 부담스럽지 않다. 빵 좋아하는... 율무네집?https://blog.naver.com/bluepigk?Redirect=Log&logNo=222673491386N딸기샌드위치 만들기 생크림 듬뿍넣어 이쁜 디저트 딸기요리2022-02-24딸기샌드위치 만들기 생크림 듬뿍넣어 이쁜 디저트 딸기요리 요즘 딸기가격이 많이 내려가서요~ 많이들 해드시는 #딸기요리 저도 만들어 보았어요^^ 부드럽게 #생크림만들기 해서 듬뿍 올려 #딸기샌드위치... 소소한 요리, 일상을 담다.https://blog.naver.com/kyoungmik?Redirect=Log&logNo=222656344685N딸기요리 딸기샌드위치 만들기 w.생크림 휘핑하는 법2021-03-05만들기) & 딸기샌드위치 만들기 [ 스프레드 재료 1 ] 생크림 300g 설탕 20g [ 스프레드 재료 2 ] 크림치즈... be/End20i8oaAo 이상으로 딸기 디저트 생크림 딸기 샌드위치 만들기 레시피를 마칩니다! 딸기라떼와 딸기... 은하계쓰의 지구별여행https://blog.naver.com/junmega?Redirect=Log&logNo=222265897294N딸기 샌드위치 만들기달콤한... 휘핑크림 만들기 생크림 요리2022-02-15딸기샌드위치 휘핑크림 만들기 생크림 요리 어제 마트에 가니 딸기가 이제 조금 가격이 내렸더라고요? 이제 슬슬 딸기요리를 많이 하실것 같은데요 오늘은 집에서도 만들기 어렵지 않고 맛은 정말 좋은 간단... 라임샴푸의 꿈꾸는 키친♡https://blog.naver.com/limeshampoo?Redirect=Log&logNo=222647778106N딸기샌드위치 과일 생크림 오픈샌드위치만들기 브런치 메뉴... 2022-04-08딸기요리 여러 가지 있지만 제철 과일의 상큼하고 프레시한 맛을 그대로 즐기고 싶다면 딸기생크림샌드위치 만들기 해보면 좋다. 생크림샌드위치 와 함께 과일오픈샌드위치 까지 함께 만들었더니 So, Lovely... 봉스, 여자의 부엌https://blog.naver.com/bongs1021?Redirect=Log&logNo=222694383999",,,,,,,,,,,,,
-,마크정식,"1,600","14,200","15,800","130,068",8.232,높음 (3),,,,,,,,,,,,,,
-,마스크,"100,100","682,300","782,400","8,463,996",10.818,- (-),,,,,,,,,,,,,,
-,허니버터칩,"2,950","13,700","16,650","167,524",10.062,- (-),,," 허니버터칩)2022-03-13허니버터칩 열풍(2014) 편의점에 허니버터칩 없다는 문구를 거는 모습 (요즘 자주 보이는 풍경이 오버랩된다..) 출처 : 이말년 씨리즈 편의점주들이 제품을 쟁여놨다가 지인/단골들에게 주는 일은 흔하게... Via chicohttps://blog.naver.com/golfinho_?Redirect=Log&logNo=222671515206""",,,,,,,,,,,
-,바나나우유,"2,470","14,100","16,570","245,698",14.828,- (-),,,,,,,,,,,,,,
-,쿠키런빵,"6,300","69,600","75,900","9,670",0.127,- (-),,,,,,,,,,,,,,
-,포켓몬 빵,"492,400","5,319,900","5,812,300","75,706",0.013,- (-),,,,,,,,,,,,,,
,월드컵,"70,200","281,900","352,100","1,794,059",5.095,,,,,,,,,,,,,,,
,맥반석 계란,"2,470","14,400","16,870","51,038",3.025,,,,,,,,,,,,,,,
,시저,"2,510","12,200","14,710","275,698",18.742,,,,,,,,,,,,,,,
,스프라이트,"3,040","13,200","16,240","224,334",13.814,,,,,,,,,,,,,,,
,칠성사이다,"3,380","17,000","20,380","60,908",2.989,,,,,,,,,,,,,,,
,코카콜라,"18,700","75,600","94,300","494,752",5.247,,,,,,,,,,,,,,,
,펩시,"3,230","10,500","13,730","231,944",16.893,,,,,,,,,,,,,,,
,알로에농장,90,520,610,"13,644",22.367,,,,,,,,,,,,,,,
,토마토농장,170,910,"1,080","170,532",157.9,,,,,,,,,,,,,,,
,토레타,"2,860","14,100","16,960","19,117",1.127,,,,,,,,,,,,,,,
,게토레이,"1,970","9,260","11,230","34,119",3.038,,,,,,,,,,,,,,,
,이력서,"53,700","31,800","85,500","991,819",11.6,,,,,,,,,,,,,,,
,스타킹,"5,980","34,500","40,480","660,170",16.309,,,,,,,,,,,,,,,
,테이프,"4,390","13,600","17,990","2,735,417",152.052,,,,,,,,,,,,,,,
,딱풀,"1,790","5,930","7,720","85,305",11.05,,,,,,,,,,,,,,,
,참치마요 삼각김밥,180,"3,770","3,950","25,554",6.469,,,,,,,,,,,,,,,
,핫식스,"4,470","20,000","24,470","54,754",2.238,,,,,,,,,,,,,,,
,고메 치즈핫도그,100,"1,120","1,220","7,278",5.966,,,,,,,,,,,,,,,
,전주비빔 삼각김밥,60,490,550,"7,767",14.122,,,,,,,,,,,,,,,
,열라면,"2,880","16,700","19,580","50,904",2.6,,,,,,,,,,,,,,,
